Program,Type,Filename,URL,Status
Future Students,Course List,N/A,N/A,Not Found
Future Students,Course Sequence,N/A,N/A,Not Found
Retirees,Course List,N/A,N/A,Not Found
Retirees,Course Sequence,N/A,N/A,Not Found
Bachelor of Applied Sciences in Leadership and Management Innovation,Course List,Bachelor_of_Applied_Sciences_in_Leadership_and_Management_Innovation_Course_list_2025.pdf,https://www.mdc.edu/academics/programs/ps/P9200.pdf,Success
Bachelor of Applied Sciences in Leadership and Management Innovation,Course Sequence,Bachelor_of_Applied_Sciences_in_Leadership_and_Management_Innovation_Course_Sequence_2025.pdf,https://www.mdc.edu/academics/programs/csg/BAS_LeadershipandManagementInnovation_csg.pdf,Success
Leadership and Management Innovation - Accounting,Course List,Leadership_and_Management_Innovation_-_Accounting_Course_list_2025.pdf,https://www.mdc.edu/academics/programs/ps/P9203.pdf,Success
Leadership and Management Innovation - Accounting,Course Sequence,Leadership_and_Management_Innovation_-_Accounting_Course_Sequence_2025.pdf,https://www.mdc.edu/academics/programs/csg/BAS_LeadershipandManagementInnovationAccounting_csg.pdf,Success
Leadership and Management Innovation - Hospitality Management,Course List,Leadership_and_Management_Innovation_-_Hospitality_Management_Course_list_2025.pdf,https://www.mdc.edu/academics/programs/ps/P9201.pdf,Success
Leadership and Management Innovation - Hospitality Management,Course Sequence,Leadership_and_Management_Innovation_-_Hospitality_Management_Course_Sequence_2025.pdf,https://www.mdc.edu/academics/programs/csg/BAS_LeadershipandManagementInnovationHospitalityManagement_csg.pdf,Success
Leadership and Management Innovation - Human Resource Management,Course List,Leadership_and_Management_Innovation_-_Human_Resource_Management_Course_list_2025.pdf,https://www.mdc.edu/academics/programs/ps/P9202.pdf,Success
Leadership and Management Innovation - Human Resource Management,Course Sequence,Leadership_and_Management_Innovation_-_Human_Resource_Management_Course_Sequence_2025.pdf,https://www.mdc.edu/academics/programs/csg/BAS_LeadershipandManagementInnovationHumanResourcesManagement_csg.pdf,Success
Leadership and Management Innovation - Digital Marketing Concentration,Course List,Leadership_and_Management_Innovation_-_Digital_Marketing_Concentration_Course_list_2025.pdf,https://www.mdc.edu/academics/programs/ps/P9204.pdf,Success
Leadership and Management Innovation - Digital Marketing Concentration,Course Sequence,Leadership_and_Management_Innovation_-_Digital_Marketing_Concentration_Course_Sequence_2025.pdf,https://www.mdc.edu/academics/programs/csg/BAS_LeadershipandManagementInnovationDigitalMarketing_csg.pdf,Success
Bachelor of Applied Sciences in Supply Chain Management,Course List,Bachelor_of_Applied_Sciences_in_Supply_Chain_Management_Course_list_2025.pdf,https://www.mdc.edu/academics/programs/ps/P9300.pdf,Success
Bachelor of Applied Sciences in Supply Chain Management,Course Sequence,Bachelor_of_Applied_Sciences_in_Supply_Chain_Management_Course_Sequence_2025.pdf,https://www.mdc.edu/academics/programs/csg/BAS_SupplyChainManagement_csg.pdf,Success
Supply Chain Management – Procurement Management,Course List,Supply_Chain_Management_Procurement_Management_Course_list_2025.pdf,https://www.mdc.edu/academics/programs/ps/P9301.pdf,Success
Supply Chain Management – Procurement Management,Course Sequence,Supply_Chain_Management_Procurement_Management_Course_Sequence_2025.pdf,https://www.mdc.edu/academics/programs/csg/BAS_SupplyChainManagementProcurementManagementConcentration_csg.pdf,Success
Supply Chain Management – Project Management,Course List,Supply_Chain_Management_Project_Management_Course_list_2025.pdf,https://www.mdc.edu/academics/programs/ps/P9302.pdf,Success
Supply Chain Management – Project Management,Course Sequence,Supply_Chain_Management_Project_Management_Course_Sequence_2025.pdf,https://www.mdc.edu/academics/programs/csg/BAS_SupplyChainManagementProjectManagementConcentration_csg.pdf,Success
Supply Chain Management – Supply Chain Analytics,Course List,Supply_Chain_Management_Supply_Chain_Analytics_Course_list_2025.pdf,https://www.mdc.edu/academics/programs/ps/P9303.pdf,Success
Supply Chain Management – Supply Chain Analytics,Course Sequence,Supply_Chain_Management_Supply_Chain_Analytics_Course_Sequence_2025.pdf,https://www.mdc.edu/academics/programs/csg/BAS_SupplyChainManagementSupplyChainAnalyticsConcentration_csg.pdf,Success
