Major,Degree Type,Type,Filename,URL,Status
Accounting,AA,Course List,Accounting_Course_list_2025.pdf,N/A (existing file),Already Exists
Accounting,AA,Course Sequence,Accounting_Course_Sequence_2025.pdf,N/A (existing file),Already Exists
Agriculture,AA,Course List,Agriculture_Course_list_2025.pdf,N/A (existing file),Already Exists
Agriculture,AA,Course Sequence,Agriculture_Course_Sequence_2025.pdf,N/A (existing file),Already Exists
Anthropology,AA,Course List,Anthropology_Course_list_2025.pdf,N/A (existing file),Already Exists
Anthropology,AA,Course Sequence,Anthropology_Course_Sequence_2025.pdf,N/A (existing file),Already Exists
Architecture,AA,Course List,Architecture_Course_list_2025.pdf,N/A (existing file),Already Exists
Architecture,AA,Course Sequence,Architecture_Course_Sequence_2025.pdf,N/A (existing file),Already Exists
Area Ethnic Studies,AA,Course List,Area_Ethnic_Studies_Course_list_2025.pdf,N/A (existing file),Already Exists
Area Ethnic Studies,AA,Course Sequence,Area_Ethnic_Studies_Course_Sequence_2025.pdf,N/A (existing file),Already Exists
Art or Art Education,AA,Course List,Art_or_Art_Education_Course_list_2025.pdf,N/A (existing file),Already Exists
Art or Art Education,AA,Course Sequence,Art_or_Art_Education_Course_Sequence_2025.pdf,N/A (existing file),Already Exists
Atmospheric Science Meteorology,AA,Course List,Atmospheric_Science_Meteorology_Course_list_2025.pdf,N/A (existing file),Already Exists
Atmospheric Science Meteorology,AA,Course Sequence,Atmospheric_Science_Meteorology_Course_Sequence_2025.pdf,N/A (existing file),Already Exists
Biology,AA,Course List,Biology_Course_list_2025.pdf,N/A (existing file),Already Exists
Biology,AA,Course Sequence,Biology_Course_Sequence_2025.pdf,N/A (existing file),Already Exists
Building Construction,AA,Course List,Building_Construction_Course_list_2025.pdf,N/A (existing file),Already Exists
Building Construction,AA,Course Sequence,Building_Construction_Course_Sequence_2025.pdf,N/A (existing file),Already Exists
Chemistry,AA,Course List,Chemistry_Course_list_2025.pdf,N/A (existing file),Already Exists
Chemistry,AA,Course Sequence,Chemistry_Course_Sequence_2025.pdf,N/A (existing file),Already Exists
Computer Arts Animation,AA,Course List,Computer_Arts_Animation_Course_list_2025.pdf,N/A (existing file),Already Exists
Computer Arts Animation,AA,Course Sequence,Computer_Arts_Animation_Course_Sequence_2025.pdf,N/A (existing file),Already Exists
Computer Information Systems,AA,Course List,Computer_Information_Systems_Course_list_2025.pdf,N/A (existing file),Already Exists
Computer Information Systems,AA,Course Sequence,Computer_Information_Systems_Course_Sequence_2025.pdf,N/A (existing file),Already Exists
Computer Science,AA,Course List,Computer_Science_Course_list_2025.pdf,N/A (existing file),Already Exists
Computer Science,AA,Course Sequence,Computer_Science_Course_Sequence_2025.pdf,N/A (existing file),Already Exists
Criminal Justice Administration,AA,Course List,Criminal_Justice_Administration_Course_list_2025.pdf,N/A (existing file),Already Exists
Criminal Justice Administration,AA,Course Sequence,Criminal_Justice_Administration_Course_Sequence_2025.pdf,N/A (existing file),Already Exists
Dance,AA,Course List,Dance_Course_list_2025.pdf,N/A (existing file),Already Exists
Dance,AA,Course Sequence,Dance_Course_Sequence_2025.pdf,N/A (existing file),Already Exists
Dietetics,AA,Course List,Dietetics_Course_list_2025.pdf,N/A (existing file),Already Exists
Dietetics,AA,Course Sequence,Dietetics_Course_Sequence_2025.pdf,N/A (existing file),Already Exists
Drama or Drama Education,AA,Course List,Drama_or_Drama_Education_Course_list_2025.pdf,N/A (existing file),Already Exists
Drama or Drama Education,AA,Course Sequence,Drama_or_Drama_Education_Course_Sequence_2025.pdf,N/A (existing file),Already Exists
Economics,AA,Course List,Economics_Course_list_2025.pdf,N/A (existing file),Already Exists
Economics,AA,Course Sequence,Economics_Course_Sequence_2025.pdf,N/A (existing file),Already Exists
Engineering - Architectural,AA,Course List,Engineering_-_Architectural_Course_list_2025.pdf,N/A (existing file),Already Exists
Engineering - Architectural,AA,Course Sequence,Engineering_-_Architectural_Course_Sequence_2025.pdf,N/A (existing file),Already Exists
Engineering - Biomedical,AA,Course List,Engineering_-_Biomedical_Course_list_2025.pdf,N/A (existing file),Already Exists
Engineering - Biomedical,AA,Course Sequence,Engineering_-_Biomedical_Course_Sequence_2025.pdf,N/A (existing file),Already Exists
Engineering - Chemical,AA,Course List,Engineering_-_Chemical_Course_list_2025.pdf,N/A (existing file),Already Exists
Engineering - Chemical,AA,Course Sequence,Engineering_-_Chemical_Course_Sequence_2025.pdf,N/A (existing file),Already Exists
Engineering - Civil,AA,Course List,Engineering_-_Civil_Course_list_2025.pdf,N/A (existing file),Already Exists
Engineering - Civil,AA,Course Sequence,Engineering_-_Civil_Course_Sequence_2025.pdf,N/A (existing file),Already Exists
Engineering - Computer,AA,Course List,Engineering_-_Computer_Course_list_2025.pdf,N/A (existing file),Already Exists
Engineering - Computer,AA,Course Sequence,Engineering_-_Computer_Course_Sequence_2025.pdf,N/A (existing file),Already Exists
Engineering - Electrical,AA,Course List,Engineering_-_Electrical_Course_list_2025.pdf,N/A (existing file),Already Exists
Engineering - Electrical,AA,Course Sequence,Engineering_-_Electrical_Course_Sequence_2025.pdf,N/A (existing file),Already Exists
Engineering - Geomatics Surveying and Mapping,AA,Course List,Engineering_-_Geomatics_Surveying_and_Mapping_Course_list_2025.pdf,N/A (existing file),Already Exists
Engineering - Geomatics Surveying and Mapping,AA,Course Sequence,Engineering_-_Geomatics_Surveying_and_Mapping_Course_Sequence_2025.pdf,N/A (existing file),Already Exists
Engineering - Industrial,AA,Course List,Engineering_-_Industrial_Course_list_2025.pdf,N/A (existing file),Already Exists
Engineering - Industrial,AA,Course Sequence,Engineering_-_Industrial_Course_Sequence_2025.pdf,N/A (existing file),Already Exists
Engineering - Mechanical,AA,Course List,Engineering_-_Mechanical_Course_list_2025.pdf,N/A (existing file),Already Exists
Engineering - Mechanical,AA,Course Sequence,Engineering_-_Mechanical_Course_Sequence_2025.pdf,N/A (existing file),Already Exists
Engineering - Ocean,AA,Course List,Engineering_-_Ocean_Course_list_2025.pdf,N/A (existing file),Already Exists
Engineering - Ocean,AA,Course Sequence,Engineering_-_Ocean_Course_Sequence_2025.pdf,N/A (existing file),Already Exists
EnglishLiterature English Education,AA,Course List,EnglishLiterature_English_Education_Course_list_2025.pdf,N/A (existing file),Already Exists
EnglishLiterature English Education,AA,Course Sequence,EnglishLiterature_English_Education_Course_Sequence_2025.pdf,N/A (existing file),Already Exists
Environmental Sciences,AA,Course List,Environmental_Sciences_Course_list_2025.pdf,N/A (existing file),Already Exists
Environmental Sciences,AA,Course Sequence,Environmental_Sciences_Course_Sequence_2025.pdf,N/A (existing file),Already Exists
Exercise Science,AA,Course List,Exercise_Science_Course_list_2025.pdf,N/A (existing file),Already Exists
Exercise Science,AA,Course Sequence,Exercise_Science_Course_Sequence_2025.pdf,N/A (existing file),Already Exists
Foreign Language,AA,Course List,Foreign_Language_Course_list_2025.pdf,N/A (existing file),Already Exists
Foreign Language,AA,Course Sequence,Foreign_Language_Course_Sequence_2025.pdf,N/A (existing file),Already Exists
Forestry,AA,Course List,Forestry_Course_list_2025.pdf,N/A (existing file),Already Exists
Forestry,AA,Course Sequence,Forestry_Course_Sequence_2025.pdf,N/A (existing file),Already Exists
Geology,AA,Course List,Geology_Course_list_2025.pdf,N/A (existing file),Already Exists
Geology,AA,Course Sequence,Geology_Course_Sequence_2025.pdf,N/A (existing file),Already Exists
Graphic or Commercial Arts,AA,Course List,Graphic_or_Commercial_Arts_Course_list_2025.pdf,N/A (existing file),Already Exists
Graphic or Commercial Arts,AA,Course Sequence,Graphic_or_Commercial_Arts_Course_Sequence_2025.pdf,N/A (existing file),Already Exists
Health Services Administration,AA,Course List,Health_Services_Administration_Course_list_2025.pdf,N/A (existing file),Already Exists
Health Services Administration,AA,Course Sequence,Health_Services_Administration_Course_Sequence_2025.pdf,N/A (existing file),Already Exists
History,AA,Course List,History_Course_list_2025.pdf,N/A (existing file),Already Exists
History,AA,Course Sequence,History_Course_Sequence_2025.pdf,N/A (existing file),Already Exists
Hospitality AdministrationTravel Tourism,AA,Course List,Hospitality_AdministrationTravel_Tourism_Course_list_2025.pdf,N/A (existing file),Already Exists
Hospitality AdministrationTravel Tourism,AA,Course Sequence,Hospitality_AdministrationTravel_Tourism_Course_Sequence_2025.pdf,N/A (existing file),Already Exists
Interior Design,AA,Course List,Interior_Design_Course_list_2025.pdf,N/A (existing file),Already Exists
Interior Design,AA,Course Sequence,Interior_Design_Course_Sequence_2025.pdf,N/A (existing file),Already Exists
International Relations,AA,Course List,International_Relations_Course_list_2025.pdf,N/A (existing file),Already Exists
International Relations,AA,Course Sequence,International_Relations_Course_Sequence_2025.pdf,N/A (existing file),Already Exists
Landscape Architecture,AA,Course List,Landscape_Architecture_Course_list_2025.pdf,N/A (existing file),Already Exists
Landscape Architecture,AA,Course Sequence,Landscape_Architecture_Course_Sequence_2025.pdf,N/A (existing file),Already Exists
Mass CommunicationsJournalism,AA,Course List,Mass_CommunicationsJournalism_Course_list_2025.pdf,N/A (existing file),Already Exists
Mass CommunicationsJournalism,AA,Course Sequence,Mass_CommunicationsJournalism_Course_Sequence_2025.pdf,N/A (existing file),Already Exists
Mathematics,AA,Course List,Mathematics_Course_list_2025.pdf,N/A (existing file),Already Exists
Mathematics,AA,Course Sequence,Mathematics_Course_Sequence_2025.pdf,N/A (existing file),Already Exists
Music or Music Education,AA,Course List,Music_or_Music_Education_Course_list_2025.pdf,N/A (existing file),Already Exists
Music or Music Education,AA,Course Sequence,Music_or_Music_Education_Course_Sequence_2025.pdf,N/A (existing file),Already Exists
Philosophy,AA,Course List,Philosophy_Course_list_2025.pdf,N/A (existing file),Already Exists
Philosophy,AA,Course Sequence,Philosophy_Course_Sequence_2025.pdf,N/A (existing file),Already Exists
Physical Education Teaching Coaching,AA,Course List,Physical_Education_Teaching_Coaching_Course_list_2025.pdf,N/A (existing file),Already Exists
Physical Education Teaching Coaching,AA,Course Sequence,Physical_Education_Teaching_Coaching_Course_Sequence_2025.pdf,N/A (existing file),Already Exists
Physics,AA,Course List,Physics_Course_list_2025.pdf,N/A (existing file),Already Exists
Physics,AA,Course Sequence,Physics_Course_Sequence_2025.pdf,N/A (existing file),Already Exists
Political Science,AA,Course List,Political_Science_Course_list_2025.pdf,N/A (existing file),Already Exists
Political Science,AA,Course Sequence,Political_Science_Course_Sequence_2025.pdf,N/A (existing file),Already Exists
Pre-Bachelor of Arts,AA,Course List,Pre-Bachelor_of_Arts_Course_list_2025.pdf,N/A (existing file),Already Exists
Pre-Bachelor of Arts,AA,Course Sequence,Pre-Bachelor_of_Arts_Course_Sequence_2025.pdf,N/A (existing file),Already Exists
Pre-Law,AA,Course List,Pre-Law_Course_list_2025.pdf,N/A (existing file),Already Exists
Pre-Law,AA,Course Sequence,Pre-Law_Course_Sequence_2025.pdf,N/A (existing file),Already Exists
Pre-Medical ScienceDentistry,AA,Course List,Pre-Medical_ScienceDentistry_Course_list_2025.pdf,N/A (existing file),Already Exists
Pre-Medical ScienceDentistry,AA,Course Sequence,Pre-Medical_ScienceDentistry_Course_Sequence_2025.pdf,N/A (existing file),Already Exists
Pre-Medical Technology,AA,Course List,Pre-Medical_Technology_Course_list_2025.pdf,N/A (existing file),Already Exists
Pre-Medical Technology,AA,Course Sequence,Pre-Medical_Technology_Course_Sequence_2025.pdf,N/A (existing file),Already Exists
Pre-Nursing,AA,Course List,Pre-Nursing_Course_list_2025.pdf,N/A (existing file),Already Exists
Pre-Nursing,AA,Course Sequence,Pre-Nursing_Course_Sequence_2025.pdf,N/A (existing file),Already Exists
Pre-Occupational Therapy,AA,Course List,Pre-Occupational_Therapy_Course_list_2025.pdf,N/A (existing file),Already Exists
Pre-Occupational Therapy,AA,Course Sequence,Pre-Occupational_Therapy_Course_Sequence_2025.pdf,N/A (existing file),Already Exists
Pre-Optometry,AA,Course List,Pre-Optometry_Course_list_2025.pdf,N/A (existing file),Already Exists
Pre-Optometry,AA,Course Sequence,Pre-Optometry_Course_Sequence_2025.pdf,N/A (existing file),Already Exists
Pre-Pharmacy,AA,Course List,Pre-Pharmacy_Course_list_2025.pdf,N/A (existing file),Already Exists
Pre-Pharmacy,AA,Course Sequence,Pre-Pharmacy_Course_Sequence_2025.pdf,N/A (existing file),Already Exists
Pre-Physical Therapy,AA,Course List,Pre-Physical_Therapy_Course_list_2025.pdf,N/A (existing file),Already Exists
Pre-Physical Therapy,AA,Course Sequence,Pre-Physical_Therapy_Course_Sequence_2025.pdf,N/A (existing file),Already Exists
Pre-Veterinary Medicine,AA,Course List,Pre-Veterinary_Medicine_Course_list_2025.pdf,N/A (existing file),Already Exists
Pre-Veterinary Medicine,AA,Course Sequence,Pre-Veterinary_Medicine_Course_Sequence_2025.pdf,N/A (existing file),Already Exists
Psychology,AA,Course List,Psychology_Course_list_2025.pdf,N/A (existing file),Already Exists
Psychology,AA,Course Sequence,Psychology_Course_Sequence_2025.pdf,N/A (existing file),Already Exists
Public Administration,AA,Course List,Public_Administration_Course_list_2025.pdf,N/A (existing file),Already Exists
Public Administration,AA,Course Sequence,Public_Administration_Course_Sequence_2025.pdf,N/A (existing file),Already Exists
Recreation,AA,Course List,Recreation_Course_list_2025.pdf,N/A (existing file),Already Exists
Recreation,AA,Course Sequence,Recreation_Course_Sequence_2025.pdf,N/A (existing file),Already Exists
Religion,AA,Course List,Religion_Course_list_2025.pdf,N/A (existing file),Already Exists
Religion,AA,Course Sequence,Religion_Course_Sequence_2025.pdf,N/A (existing file),Already Exists
Social Work,AA,Course List,Social_Work_Course_list_2025.pdf,N/A (existing file),Already Exists
Social Work,AA,Course Sequence,Social_Work_Course_Sequence_2025.pdf,N/A (existing file),Already Exists
Sociology,AA,Course List,Sociology_Course_list_2025.pdf,N/A (existing file),Already Exists
Sociology,AA,Course Sequence,Sociology_Course_Sequence_2025.pdf,N/A (existing file),Already Exists
Speech Pathology Audiology,AA,Course List,Speech_Pathology_Audiology_Course_list_2025.pdf,N/A (existing file),Already Exists
Speech Pathology Audiology,AA,Course Sequence,Speech_Pathology_Audiology_Course_Sequence_2025.pdf,N/A (existing file),Already Exists
Teaching Elementary,AA,Course List,Teaching_Elementary_Course_list_2025.pdf,N/A (existing file),Already Exists
Teaching Elementary,AA,Course Sequence,Teaching_Elementary_Course_Sequence_2025.pdf,N/A (existing file),Already Exists
Teaching Exceptional Student Education,AA,Course List,Teaching_Exceptional_Student_Education_Course_list_2025.pdf,N/A (existing file),Already Exists
Teaching Exceptional Student Education,AA,Course Sequence,Teaching_Exceptional_Student_Education_Course_Sequence_2025.pdf,N/A (existing file),Already Exists
Teaching Pre-ElementaryEarly Childhood,AA,Course List,Teaching_Pre-ElementaryEarly_Childhood_Course_list_2025.pdf,N/A (existing file),Already Exists
Teaching Pre-ElementaryEarly Childhood,AA,Course Sequence,Teaching_Pre-ElementaryEarly_Childhood_Course_Sequence_2025.pdf,N/A (existing file),Already Exists
Teaching Secondary Biology,AA,Course List,Teaching_Secondary_Biology_Course_list_2025.pdf,N/A (existing file),Already Exists
Teaching Secondary Biology,AA,Course Sequence,Teaching_Secondary_Biology_Course_Sequence_2025.pdf,N/A (existing file),Already Exists
Teaching Secondary Chemistry,AA,Course List,Teaching_Secondary_Chemistry_Course_list_2025.pdf,N/A (existing file),Already Exists
Teaching Secondary Chemistry,AA,Course Sequence,Teaching_Secondary_Chemistry_Course_Sequence_2025.pdf,N/A (existing file),Already Exists
Teaching Secondary,AA,Course List,Teaching_Secondary_Course_list_2025.pdf,N/A (existing file),Already Exists
Teaching Secondary,AA,Course Sequence,Teaching_Secondary_Course_Sequence_2025.pdf,N/A (existing file),Already Exists
Teaching Secondary EarthSpace,AA,Course List,Teaching_Secondary_EarthSpace_Course_list_2025.pdf,N/A (existing file),Already Exists
Teaching Secondary EarthSpace,AA,Course Sequence,Teaching_Secondary_EarthSpace_Course_Sequence_2025.pdf,N/A (existing file),Already Exists
Teaching Secondary EnglishForeign Languages,AA,Course List,Teaching_Secondary_EnglishForeign_Languages_Course_list_2025.pdf,N/A (existing file),Already Exists
Teaching Secondary EnglishForeign Languages,AA,Course Sequence,Teaching_Secondary_EnglishForeign_Languages_Course_Sequence_2025.pdf,N/A (existing file),Already Exists
Teaching Secondary Mathematics Education,AA,Course List,Teaching_Secondary_Mathematics_Education_Course_list_2025.pdf,N/A (existing file),Already Exists
Teaching Secondary Mathematics Education,AA,Course Sequence,Teaching_Secondary_Mathematics_Education_Course_Sequence_2025.pdf,N/A (existing file),Already Exists
Teaching Secondary Physics,AA,Course List,Teaching_Secondary_Physics_Course_list_2025.pdf,N/A (existing file),Already Exists
Teaching Secondary Physics,AA,Course Sequence,Teaching_Secondary_Physics_Course_Sequence_2025.pdf,N/A (existing file),Already Exists
Teaching Secondary Social Science,AA,Course List,Teaching_Secondary_Social_Science_Course_list_2025.pdf,N/A (existing file),Already Exists
Teaching Secondary Social Science,AA,Course Sequence,Teaching_Secondary_Social_Science_Course_Sequence_2025.pdf,N/A (existing file),Already Exists
Teaching Secondary Vocational Business Technical Home,AA,Course List,Teaching_Secondary_Vocational_Business_Technical_Home_Course_list_2025.pdf,N/A (existing file),Already Exists
Teaching Secondary Vocational Business Technical Home,AA,Course Sequence,Teaching_Secondary_Vocational_Business_Technical_Home_Course_Sequence_2025.pdf,N/A (existing file),Already Exists
Accounting Technology,AS,Course List,Accounting_Technology_Course_list_2025.pdf,N/A (existing file),Already Exists
Accounting Technology,AS,Course Sequence,Accounting_Technology_Course_Sequence_2025.pdf,N/A (existing file),Already Exists
Animation Game Art,AS,Course List,Animation_Game_Art_Course_list_2025.pdf,N/A (existing file),Already Exists
Animation Game Art,AS,Course Sequence,Animation_Game_Art_Course_Sequence_2025.pdf,N/A (existing file),Already Exists
Applied Artificial Intelligence,AS,Course List,Applied_Artificial_Intelligence_Course_list_2025.pdf,N/A (existing file),Already Exists
Applied Artificial Intelligence,AS,Course Sequence,Applied_Artificial_Intelligence_Course_Sequence_2025.pdf,N/A (existing file),Already Exists
Architectural Design and Construction Technology,AS,Course List,Architectural_Design_and_Construction_Technology_Course_list_2025.pdf,N/A (existing file),Already Exists
Architectural Design and Construction Technology,AS,Course Sequence,Architectural_Design_and_Construction_Technology_Course_Sequence_2025.pdf,N/A (existing file),Already Exists
Aviation Administration,AS,Course List,Aviation_Administration_Course_list_2025.pdf,N/A (existing file),Already Exists
Aviation Administration,AS,Course Sequence,Aviation_Administration_Course_Sequence_2025.pdf,N/A (existing file),Already Exists
Aviation Maintenance Management,AS,Course List,Aviation_Maintenance_Management_Course_list_2025.pdf,N/A (existing file),Already Exists
Aviation Maintenance Management,AS,Course Sequence,Aviation_Maintenance_Management_Course_Sequence_2025.pdf,N/A (existing file),Already Exists
Biomedical Engineering Technology,AS,Course List,Biomedical_Engineering_Technology_Course_list_2025.pdf,N/A (existing file),Already Exists
Biomedical Engineering Technology,AS,Course Sequence,Biomedical_Engineering_Technology_Course_Sequence_2025.pdf,N/A (existing file),Already Exists
Biotechnology - Bioinformatics,AS,Course List,Biotechnology_-_Bioinformatics_Course_list_2025.pdf,N/A (existing file),Already Exists
Biotechnology - Bioinformatics,AS,Course Sequence,Biotechnology_-_Bioinformatics_Course_Sequence_2025.pdf,N/A (existing file),Already Exists
Biotechnology - Chemical Technology,AS,Course List,Biotechnology_-_Chemical_Technology_Course_list_2025.pdf,N/A (existing file),Already Exists
Biotechnology - Chemical Technology,AS,Course Sequence,Biotechnology_-_Chemical_Technology_Course_Sequence_2025.pdf,N/A (existing file),Already Exists
Biotechnology,AS,Course List,Biotechnology_Course_list_2025.pdf,N/A (existing file),Already Exists
Biotechnology,AS,Course Sequence,Biotechnology_Course_Sequence_2025.pdf,N/A (existing file),Already Exists
Building Construction Technology,AS,Course List,Building_Construction_Technology_Course_list_2025.pdf,N/A (existing file),Already Exists
Building Construction Technology,AS,Course Sequence,Building_Construction_Technology_Course_Sequence_2025.pdf,N/A (existing file),Already Exists
Business Administration,AS,Course List,Business_Administration_Course_list_2025.pdf,N/A (existing file),Already Exists
Business Administration,AS,Course Sequence,Business_Administration_Course_Sequence_2025.pdf,N/A (existing file),Already Exists
Business Intelligence Specialist,AS,Course List,Business_Intelligence_Specialist_Course_list_2025.pdf,N/A (existing file),Already Exists
Business Intelligence Specialist,AS,Course Sequence,Business_Intelligence_Specialist_Course_Sequence_2025.pdf,N/A (existing file),Already Exists
Civil Engineering Technology,AS,Course List,Civil_Engineering_Technology_Course_list_2025.pdf,N/A (existing file),Already Exists
Civil Engineering Technology,AS,Course Sequence,Civil_Engineering_Technology_Course_Sequence_2025.pdf,N/A (existing file),Already Exists
Clinical Laboratory Science,AS,Course List,Clinical_Laboratory_Science_Course_list_2025.pdf,N/A (existing file),Already Exists
Clinical Laboratory Science,AS,Course Sequence,Clinical_Laboratory_Science_Course_Sequence_2025.pdf,N/A (existing file),Already Exists
Computer Crime Investigation,AS,Course List,Computer_Crime_Investigation_Course_list_2025.pdf,N/A (existing file),Already Exists
Computer Crime Investigation,AS,Course Sequence,Computer_Crime_Investigation_Course_Sequence_2025.pdf,N/A (existing file),Already Exists
Computer Engineering Technology,AS,Course List,Computer_Engineering_Technology_Course_list_2025.pdf,N/A (existing file),Already Exists
Computer Engineering Technology,AS,Course Sequence,Computer_Engineering_Technology_Course_Sequence_2025.pdf,N/A (existing file),Already Exists
Computer Information Technology,AS,Course List,Computer_Information_Technology_Course_list_2025.pdf,N/A (existing file),Already Exists
Computer Information Technology,AS,Course Sequence,Computer_Information_Technology_Course_Sequence_2025.pdf,N/A (existing file),Already Exists
Computer Programming and Analysis - Business Application Programming,AS,Course List,Computer_Programming_and_Analysis_-_Business_Application_Programming_Course_list_2025.pdf,N/A (existing file),Already Exists
Computer Programming and Analysis - Business Application Programming,AS,Course Sequence,Computer_Programming_and_Analysis_-_Business_Application_Programming_Course_Sequence_2025.pdf,N/A (existing file),Already Exists
Computer Programming and Analysis - Internet of Things IoT Applications,AS,Course List,Computer_Programming_and_Analysis_-_Internet_of_Things_IoT_Applications_Course_list_2025.pdf,N/A (existing file),Already Exists
Computer Programming and Analysis - Internet of Things IoT Applications,AS,Course Sequence,Computer_Programming_and_Analysis_-_Internet_of_Things_IoT_Applications_Course_Sequence_2025.pdf,N/A (existing file),Already Exists
Computer Programming and Analysis - Mobile Applications Development,AS,Course List,Computer_Programming_and_Analysis_-_Mobile_Applications_Development_Course_list_2025.pdf,N/A (existing file),Already Exists
Computer Programming and Analysis - Mobile Applications Development,AS,Course Sequence,Computer_Programming_and_Analysis_-_Mobile_Applications_Development_Course_Sequence_2025.pdf,N/A (existing file),Already Exists
Crime Scene Technology - Crime Scene Investigation,AS,Course List,Crime_Scene_Technology_-_Crime_Scene_Investigation_Course_list_2025.pdf,N/A (existing file),Already Exists
Crime Scene Technology - Crime Scene Investigation,AS,Course Sequence,Crime_Scene_Technology_-_Crime_Scene_Investigation_Course_Sequence_2025.pdf,N/A (existing file),Already Exists
Crime Scene Technology - Forensic Science,AS,Course List,Crime_Scene_Technology_-_Forensic_Science_Course_list_2025.pdf,N/A (existing file),Already Exists
Crime Scene Technology - Forensic Science,AS,Course Sequence,Crime_Scene_Technology_-_Forensic_Science_Course_Sequence_2025.pdf,N/A (existing file),Already Exists
Criminal Justice Technology,AS,Course List,Criminal_Justice_Technology_Course_list_2025.pdf,N/A (existing file),Already Exists
Criminal Justice Technology,AS,Course Sequence,Criminal_Justice_Technology_Course_Sequence_2025.pdf,N/A (existing file),Already Exists
Culinary Arts Management,AS,Course List,Culinary_Arts_Management_Course_list_2025.pdf,N/A (existing file),Already Exists
Culinary Arts Management,AS,Course Sequence,Culinary_Arts_Management_Course_Sequence_2025.pdf,N/A (existing file),Already Exists
Cybersecurity,AS,Course List,Cybersecurity_Course_list_2025.pdf,N/A (existing file),Already Exists
Cybersecurity,AS,Course Sequence,Cybersecurity_Course_Sequence_2025.pdf,N/A (existing file),Already Exists
Database Technology - Oracle Database Administration,AS,Course List,Database_Technology_-_Oracle_Database_Administration_Course_list_2025.pdf,N/A (existing file),Already Exists
Database Technology - Oracle Database Administration,AS,Course Sequence,Database_Technology_-_Oracle_Database_Administration_Course_Sequence_2025.pdf,N/A (existing file),Already Exists
Dental Hygiene,AS,Course List,Dental_Hygiene_Course_list_2025.pdf,N/A (existing file),Already Exists
Dental Hygiene,AS,Course Sequence,Dental_Hygiene_Course_Sequence_2025.pdf,N/A (existing file),Already Exists
Diagnostic Medical Sonography,AS,Course List,Diagnostic_Medical_Sonography_Course_list_2025.pdf,N/A (existing file),Already Exists
Diagnostic Medical Sonography,AS,Course Sequence,Diagnostic_Medical_Sonography_Course_Sequence_2025.pdf,N/A (existing file),Already Exists
Early Childhood Education - Administrators,AS,Course List,Early_Childhood_Education_-_Administrators_Course_list_2025.pdf,N/A (existing file),Already Exists
Early Childhood Education - Administrators,AS,Course Sequence,Early_Childhood_Education_-_Administrators_Course_Sequence_2025.pdf,N/A (existing file),Already Exists
Early Childhood Education - Infant Toddler,AS,Course List,Early_Childhood_Education_-_Infant_Toddler_Course_list_2025.pdf,N/A (existing file),Already Exists
Early Childhood Education - Infant Toddler,AS,Course Sequence,Early_Childhood_Education_-_Infant_Toddler_Course_Sequence_2025.pdf,N/A (existing file),Already Exists
Early Childhood Education - Preschool,AS,Course List,Early_Childhood_Education_-_Preschool_Course_list_2025.pdf,N/A (existing file),Already Exists
Early Childhood Education - Preschool,AS,Course Sequence,Early_Childhood_Education_-_Preschool_Course_Sequence_2025.pdf,N/A (existing file),Already Exists
Early Childhood Education,AS,Course List,Early_Childhood_Education_Course_list_2025.pdf,N/A (existing file),Already Exists
Early Childhood Education,AS,Course Sequence,Early_Childhood_Education_Course_Sequence_2025.pdf,N/A (existing file),Already Exists
Electronics Engineering Technology,AS,Course List,Electronics_Engineering_Technology_Course_list_2025.pdf,N/A (existing file),Already Exists
Electronics Engineering Technology,AS,Course Sequence,Electronics_Engineering_Technology_Course_Sequence_2025.pdf,N/A (existing file),Already Exists
Entrepreneurship,AS,Course List,Entrepreneurship_Course_list_2025.pdf,N/A (existing file),Already Exists
Entrepreneurship,AS,Course Sequence,Entrepreneurship_Course_Sequence_2025.pdf,N/A (existing file),Already Exists
Fashion Design,AS,Course List,Fashion_Design_Course_list_2025.pdf,N/A (existing file),Already Exists
Fashion Design,AS,Course Sequence,Fashion_Design_Course_Sequence_2025.pdf,N/A (existing file),Already Exists
Fashion Merchandising,AS,Course List,Fashion_Merchandising_Course_list_2025.pdf,N/A (existing file),Already Exists
Fashion Merchandising,AS,Course Sequence,Fashion_Merchandising_Course_Sequence_2025.pdf,N/A (existing file),Already Exists
Film Production Technology,AS,Course List,Film_Production_Technology_Course_list_2025.pdf,N/A (existing file),Already Exists
Film Production Technology,AS,Course Sequence,Film_Production_Technology_Course_Sequence_2025.pdf,N/A (existing file),Already Exists
Financial Services - Banking,AS,Course List,Financial_Services_-_Banking_Course_list_2025.pdf,N/A (existing file),Already Exists
Financial Services - Banking,AS,Course Sequence,Financial_Services_-_Banking_Course_Sequence_2025.pdf,N/A (existing file),Already Exists
Financial Services - Wealth Management,AS,Course List,Financial_Services_-_Wealth_Management_Course_list_2025.pdf,N/A (existing file),Already Exists
Financial Services - Wealth Management,AS,Course Sequence,Financial_Services_-_Wealth_Management_Course_Sequence_2025.pdf,N/A (existing file),Already Exists
Fire Science Technology,AS,Course List,Fire_Science_Technology_Course_list_2025.pdf,N/A (existing file),Already Exists
Fire Science Technology,AS,Course Sequence,Fire_Science_Technology_Course_Sequence_2025.pdf,N/A (existing file),Already Exists
Funeral Service Education,AS,Course List,Funeral_Service_Education_Course_list_2025.pdf,N/A (existing file),Already Exists
Funeral Service Education,AS,Course Sequence,Funeral_Service_Education_Course_Sequence_2025.pdf,N/A (existing file),Already Exists
Game Development Design,AS,Course List,Game_Development_Design_Course_list_2025.pdf,N/A (existing file),Already Exists
Game Development Design,AS,Course Sequence,Game_Development_Design_Course_Sequence_2025.pdf,N/A (existing file),Already Exists
Graphic Design Technology,AS,Course List,Graphic_Design_Technology_Course_list_2025.pdf,N/A (existing file),Already Exists
Graphic Design Technology,AS,Course Sequence,Graphic_Design_Technology_Course_Sequence_2025.pdf,N/A (existing file),Already Exists
Graphic Internet Technology,AS,Course List,Graphic_Internet_Technology_Course_list_2025.pdf,N/A (existing file),Already Exists
Graphic Internet Technology,AS,Course Sequence,Graphic_Internet_Technology_Course_Sequence_2025.pdf,N/A (existing file),Already Exists
Health Information Technology,AS,Course List,Health_Information_Technology_Course_list_2025.pdf,N/A (existing file),Already Exists
Health Information Technology,AS,Course Sequence,Health_Information_Technology_Course_Sequence_2025.pdf,N/A (existing file),Already Exists
Health Sciences,AS,Course List,Health_Sciences_Course_list_2025.pdf,N/A (existing file),Already Exists
Health Sciences,AS,Course Sequence,Health_Sciences_Course_Sequence_2025.pdf,N/A (existing file),Already Exists
Health Science - Health Services Management,AS,Course List,Health_Science_-_Health_Services_Management_Course_list_2025.pdf,N/A (existing file),Already Exists
Health Science - Health Services Management,AS,Course Sequence,Health_Science_-_Health_Services_Management_Course_Sequence_2025.pdf,N/A (existing file),Already Exists
Histologic Technology,AS,Course List,Histologic_Technology_Course_list_2025.pdf,N/A (existing file),Already Exists
Histologic Technology,AS,Course Sequence,Histologic_Technology_Course_Sequence_2025.pdf,N/A (existing file),Already Exists
Hospitality Tourism Management,AS,Course List,Hospitality_Tourism_Management_Course_list_2025.pdf,N/A (existing file),Already Exists
Hospitality Tourism Management,AS,Course Sequence,Hospitality_Tourism_Management_Course_Sequence_2025.pdf,N/A (existing file),Already Exists
Interior Design Technology,AS,Course List,Interior_Design_Technology_Course_list_2025.pdf,N/A (existing file),Already Exists
Interior Design Technology,AS,Course Sequence,Interior_Design_Technology_Course_Sequence_2025.pdf,N/A (existing file),Already Exists
Landscape Horticulture Technology,AS,Course List,Landscape_Horticulture_Technology_Course_list_2025.pdf,N/A (existing file),Already Exists
Landscape Horticulture Technology,AS,Course Sequence,Landscape_Horticulture_Technology_Course_Sequence_2025.pdf,N/A (existing file),Already Exists
Marketing,AS,Course List,Marketing_Course_list_2025.pdf,N/A (existing file),Already Exists
Marketing,AS,Course Sequence,Marketing_Course_Sequence_2025.pdf,N/A (existing file),Already Exists
Music Business - Management and Marketing,AS,Course List,Music_Business_-_Management_and_Marketing_Course_list_2025.pdf,N/A (existing file),Already Exists
Music Business - Management and Marketing,AS,Course Sequence,Music_Business_-_Management_and_Marketing_Course_Sequence_2025.pdf,N/A (existing file),Already Exists
Music Business - Performance and Production,AS,Course List,Music_Business_-_Performance_and_Production_Course_list_2025.pdf,N/A (existing file),Already Exists
Music Business - Performance and Production,AS,Course Sequence,Music_Business_-_Performance_and_Production_Course_Sequence_2025.pdf,N/A (existing file),Already Exists
Networking Services Technology - Enterprise Cloud Computing,AS,Course List,Networking_Services_Technology_-_Enterprise_Cloud_Computing_Course_list_2025.pdf,N/A (existing file),Already Exists
Networking Services Technology - Enterprise Cloud Computing,AS,Course Sequence,Networking_Services_Technology_-_Enterprise_Cloud_Computing_Course_Sequence_2025.pdf,N/A (existing file),Already Exists
Networking Services Technology - Network Infrastructure,AS,Course List,Networking_Services_Technology_-_Network_Infrastructure_Course_list_2025.pdf,N/A (existing file),Already Exists
Networking Services Technology - Network Infrastructure,AS,Course Sequence,Networking_Services_Technology_-_Network_Infrastructure_Course_Sequence_2025.pdf,N/A (existing file),Already Exists
Nuclear Medicine Technology,AS,Course List,Nuclear_Medicine_Technology_Course_list_2025.pdf,N/A (existing file),Already Exists
Nuclear Medicine Technology,AS,Course Sequence,Nuclear_Medicine_Technology_Course_Sequence_2025.pdf,N/A (existing file),Already Exists
Opticianry,AS,Course List,Opticianry_Course_list_2025.pdf,N/A (existing file),Already Exists
Opticianry,AS,Course Sequence,Opticianry_Course_Sequence_2025.pdf,N/A (existing file),Already Exists
Paralegal Studies - ABA Approved,AS,Course List,Paralegal_Studies_-_ABA_Approved_Course_list_2025.pdf,N/A (existing file),Already Exists
Paralegal Studies - ABA Approved,AS,Course Sequence,Paralegal_Studies_-_ABA_Approved_Course_Sequence_2025.pdf,N/A (existing file),Already Exists
Photographic Technology,AS,Course List,Photographic_Technology_Course_list_2025.pdf,N/A (existing file),Already Exists
Photographic Technology,AS,Course Sequence,Photographic_Technology_Course_Sequence_2025.pdf,N/A (existing file),Already Exists
Physical Therapist Assistant,AS,Course List,Physical_Therapist_Assistant_Course_list_2025.pdf,N/A (existing file),Already Exists
Physical Therapist Assistant,AS,Course Sequence,Physical_Therapist_Assistant_Course_Sequence_2025.pdf,N/A (existing file),Already Exists
Professional Pilot Technology,AS,Course List,Professional_Pilot_Technology_Course_list_2025.pdf,N/A (existing file),Already Exists
Professional Pilot Technology,AS,Course Sequence,Professional_Pilot_Technology_Course_Sequence_2025.pdf,N/A (existing file),Already Exists
Radiation Therapy,AS,Course List,Radiation_Therapy_Course_list_2025.pdf,N/A (existing file),Already Exists
Radiation Therapy,AS,Course Sequence,Radiation_Therapy_Course_Sequence_2025.pdf,N/A (existing file),Already Exists
Radiography,AS,Course List,Radiography_Course_list_2025.pdf,N/A (existing file),Already Exists
Radiography,AS,Course Sequence,Radiography_Course_Sequence_2025.pdf,N/A (existing file),Already Exists
Radio Television Broadcast Programming,AS,Course List,Radio_Television_Broadcast_Programming_Course_list_2025.pdf,N/A (existing file),Already Exists
Radio Television Broadcast Programming,AS,Course Sequence,Radio_Television_Broadcast_Programming_Course_Sequence_2025.pdf,N/A (existing file),Already Exists
Sign Language Interpretation,AS,Course List,Sign_Language_Interpretation_Course_list_2025.pdf,N/A (existing file),Already Exists
Sign Language Interpretation,AS,Course Sequence,Sign_Language_Interpretation_Course_Sequence_2025.pdf,N/A (existing file),Already Exists
Social and Human Services - Addictions Studies,AS,Course List,Social_and_Human_Services_-_Addictions_Studies_Course_list_2025.pdf,N/A (existing file),Already Exists
Social and Human Services - Addictions Studies,AS,Course Sequence,Social_and_Human_Services_-_Addictions_Studies_Course_Sequence_2025.pdf,N/A (existing file),Already Exists
Social and Human Services - Generalist,AS,Course List,Social_and_Human_Services_-_Generalist_Course_list_2025.pdf,N/A (existing file),Already Exists
Social and Human Services - Generalist,AS,Course Sequence,Social_and_Human_Services_-_Generalist_Course_Sequence_2025.pdf,N/A (existing file),Already Exists
Sport Management,AS,Course List,Sport_Management_Course_list_2025.pdf,N/A (existing file),Already Exists
Sport Management,AS,Course Sequence,Sport_Management_Course_Sequence_2025.pdf,N/A (existing file),Already Exists
Surgical Technology,AS,Course List,Surgical_Technology_Course_list_2025.pdf,N/A (existing file),Already Exists
Surgical Technology,AS,Course Sequence,Surgical_Technology_Course_Sequence_2025.pdf,N/A (existing file),Already Exists
TranslationInterpretation Studies,AS,Course List,TranslationInterpretation_Studies_Course_list_2025.pdf,N/A (existing file),Already Exists
TranslationInterpretation Studies,AS,Course Sequence,TranslationInterpretation_Studies_Course_Sequence_2025.pdf,N/A (existing file),Already Exists
Transportation and Logistics,AS,Course List,Transportation_and_Logistics_Course_list_2025.pdf,N/A (existing file),Already Exists
Transportation and Logistics,AS,Course Sequence,Transportation_and_Logistics_Course_Sequence_2025.pdf,N/A (existing file),Already Exists
Veterinary Technology,AS,Course List,Veterinary_Technology_Course_list_2025.pdf,N/A (existing file),Already Exists
Veterinary Technology,AS,Course Sequence,Veterinary_Technology_Course_Sequence_2025.pdf,N/A (existing file),Already Exists
